{
  "gdp": {
    "inflation":[],
    "growthRate":[]
  },
  "trade":{

    "import":[
      8672.197101,
      3744.737057,
      17308.23781,
      1444.552891,
      17308.23781,
      12113.89045,
      32674.14065,
      8336.468109
    ],
    "export":[
      9050.628731,
      4115.017721,
      16013.46771,
      9200.844326,
      16013.46771,
      11962.86228,
      32107.02693,
      7817.614533
    ]
  },
  "education":{
    "primary":[0.901,	0.844,	0.836,	0.846,	0.852,	0.859,	0.867,	0.87],
    "secondary":[0.844,	0.836,	0.846,	0.852,	0.859,	0.867,	0.87,0.83]
  }
}