{
  "gdp": {
    "inflation":[],
    "growthRate":[]
  },
  "trade":{
    "import":{
      "africa":[69946.042288494,
        8188.5996355991,
        1806.185021867,
        20981.7110758055,
        5958.2878391665,
        20981.7110758055,
        4766.1382242821,
        29733.8622994837,
        8230.681238622,
        563407.593824328
      ],
      "amu":[8672.1971005844,
        5518.79845265,
        51.6964806163,
        302.0366234484,
        61.1571265982,
        302.0366234484,
        191.0742899471,
        584.6082627025,
        139.3536230232,
        152926.209887509],
      "CAEMC":[3744.7370570706,
        395.8516836417,
        699.8914990901,
        2176.5183041289,
        726.5988529588,
        2176.5183041289,
        2014.377312146,
        343.9805214413,
        1314.4640288759,
        21725.4008538638],

      "COMESA":[17308.2378096072,
        1262.4555476581,
        372.2630642216,
        13120.3855609623,
        404.6874716023,
        13120.3855609623,
        6922.7203281071,
        2108.4409068757,
        6550.2391294351,
        143850.234412651],
      "ECCAS":[1444.5528911846,
        495.002458648,
        834.6948880192,
        2417.1038549027,
        878.2628188526,
        2417.1038549027,
        2279.2695633838,
        4737.0342547029,
        1444.5528911846,
        52003.6376049377],
      "ECOWAS":[17308.2378096072,
        1262.4555476581,
        372.2630642216,
        13120.3855609623,
        404.6874716023,
        13120.3855609623,
        6922.7203281071,
        2108.4409068757,
        6550.2391294351,
        139888.623031967],
      "FRANC_ZONE":[12113.8904495556,
        1028.2116264704,
        848.4537697829,
        9130.4912673116,
        886.1226264463,
        9130.4912673116,
        5009.8840011638,
        834.7427275076,
        4161.4063168953,
        59537.3986036757],
      "SADC":[32674.1406455378,
        186.7395670035,
        662.9535387894,
        5277.1467967585,
        4669.6950590901,
        5277.1467967585,
        837.8145188296,
        24426.0313062133,
        172.0415522188,
        191870.60574347],
      "WAEMU":[8336.468109405,
        631.2621531594,
        148.5465122113,
        6953.9344376974,
        159.508015006,
        6953.9344376974,
        6953.9344376974,
        470.404671378,
        2846.9037625341,
        37561.4368568348],
      "WORLD":[609773.793457011,
        126541.689410851,
        43065.4246888646,
        137783.347944203,
        119285.643243957,
        137783.347944203,
        63040.3755886891,
        237374.054658063,
        19925.3412007829,
        18685081.8269679]
    },
    "export":{
      "africa":[68462.5104220494,
        9050.6287310754,
        4115.0177205069,
        16013.4677062515,
        9200.8443261552,
        16013.4677062515,
        11962.8622821194,
        32107.026934404,
        7817.6145332362,
        513492.712089327],
      "amu":[8549.0820712788,
        5523.6582642259,
        359.3222079135,
        1353.0396394817,
        448.6223826144,
        1353.0396394817,
        1139.4696250704,
        146.6742921518,
        778.725838483,
        143574.65932264],
      "CAEMC":[1768.9245073853,
        52.2110401204,
        635.4886141976,
        419.9764051568,
        754.5348933603,
        419.9764051568,
        770.2081692759,
        643.1666983442,
        134.2816411206,
        40495.3215939978],
      "COMESA":[20127.030266817,
        423.1839998335,
        2705.5278529663,
        11936.8401903878,
        2929.3200448406,
        11936.8401903878,
        9043.9308542918,
        4972.2696247999,
        6337.9443900915,
        129012.727248329],
      "ECCAS":[5543.0231074565,
        60.9879597404,
        659.6638061102,
        393.0657007599,
        794.0378825135,
        448.9599476145,
        803.8584945159,
        4285.653781385,
        143.756774448,
        109809.073380668],
      "ECOWAS":[20127.030266817,
        423.1839998335,
        2705.5278529663,
        11936.8401903878,
        2929.3200448406,
        11936.8401903878,
        9043.9308542918,
        4960.2623594103,
        6337.9443900915,
        129012.727248329],
      "FRANC_ZONE":[9582.7106344252,
        323.0399059275,
        1830.4641135651,
        6392.3649015739,
        2072.8507605572,
        6392.3649015739,
        4569.8833684967,
        977.3740234641,
        2738.9606436977,
        59526.9478307125],
      "SADC":[29334.3371368016,
        557.1697869014,
        296.6365162176,
        1889.7350756463,
        4289.5425397316,
        1889.7350756463,
        752.4018135932,
        24549.2445782135,
        436.8348595936,
        183082.782536727],
      "WAEMU":[7810.1374870042,
        270.2167212327,
        1194.5321075021,
        5971.7666043059,
        1317.8724753314,
        5971.7666043059,
        3799.2298707138,
        331.2206208531,
        2604.2391519778,
        18985.4785552384],
      "WORLD":[569221.298069115,
        141779.609446006,
        20439.955940727,
        123931.704086158,
        47918.8064727643,
        106753.248023692,
        61280.7513025198,
        179817.059969213,
        40656.8743238408,
        18227586.1786803]
    }

  },
  "education":{

  }
}